{
  "_comment": ["Lennard Jones"],
  "dimen": 3,
  "pbc": [
    {"xlo": 0.0000000000000000e+00, "xhi": 3.0000000000000000e+00},
    {"ylo": 0.0000000000000000e+00, "yhi": 3.0000000000000000e+00},
    {"zlo": 0.0000000000000000e+00, "zhi": 3.0000000000000000e+00}
  ],
  "atoms": [
    {"mol": 1, "type": 1, "dim0": 0, "dim1": 0, "dim2": 0}
  ],
  "pairCoeffs": [
    {"eps": 1, "sig": 1}
  ]
}

